진료년도,시도,진료과목,환자수,명세서청구건수,입내원일수,요양급여비용총액,보험자부담금
2022,서울,일반의,379,397,1670,800980250,695018940
2022,서울,내과,1694777,4154021,5178893,1415551224940,1170784318750
2022,서울,신경과,346406,546725,690632,120409624170,83413398960
2022,서울,정신건강의학과,144236,287461,367490,42865094540,28604695570
2022,서울,외과,278225,528446,826344,335919641930,290429449090
2022,서울,정형외과,349436,673650,1015677,208176155840,156314991720
2022,서울,신경외과,189952,314897,531989,185809382660,154335096210
2022,서울,심장혈관흉부외과,39572,64709,135176,109634148380,99324187560
2022,서울,성형외과,29668,68878,97064,19538822180,15545387800
2022,서울,마취통증의학과,32307,50857,56108,5165291150,3032744720
2022,서울,산부인과,237464,467442,540170,100216863780,76235737180
2022,서울,소아청소년과,183573,405355,512284,155607012100,136651268440
2022,서울,안과,307765,462803,467545,75540431590,44278674890
2022,서울,이비인후과,143907,266828,289736,43126818310,28535635280
2022,서울,피부과,105173,198555,199760,23603053430,16783637490
2022,서울,비뇨의학과,177006,312144,349112,67297915410,50959346870
2022,서울,영상의학과,18007,22583,23504,6089171430,4629228160
2022,서울,방사선종양학과,38978,242900,243961,113808871990,107942994240
2022,서울,진단검사의학과,4491,6582,6609,505259740,380615420
2022,서울,재활의학과,59813,188169,421069,64300574490,51172476110
2022,서울,핵의학과,5124,10115,11024,2705165640,2438553840
2022,서울,가정의학과,139569,221408,308563,24059529160,15419331220
2022,서울,응급의학과,157439,194583,202761,56589710670,39264337500
2022,서울,직업환경의학과,1384,1901,4046,923713950,794376370
2022,서울,예방의학과,113,173,1912,183183390,140311950
2022,서울,구강악안면외과,33206,54347,56847,6367047560,4318716650
2022,서울,치과보철과,10391,13973,13092,2900571080,1952766540
2022,서울,치과교정과,952,1000,1000,243143640,142555540
2022,서울,소아치과,11215,13360,13348,795605930,522163190
2022,서울,치주과,37373,47014,46358,3095275190,1805564730
2022,서울,치과보존과,49554,71294,71950,5713746770,3584590060
2022,서울,구강내과,12634,18564,18550,1170953370,711507430
2022,서울,영상치의학과,1315,1366,1365,73262360,44394960
2022,서울,구강병리과,2,2,2,87760,52660
2022,서울,예방치과,161,191,190,10846790,4575590
2022,서울,치과소계,11193,13176,13111,767810220,443223280
2022,서울,통합치의학과,3191,5437,5390,446144460,279924300
2022,서울,한방내과,16168,35480,63166,5522180140,4158229250
2022,서울,한방부인과,917,1997,4944,410070970,300621350
2022,서울,한방소아과,1872,2143,2165,71147560,44508930
2022,서울,한방안·이비인후·피부과,814,2460,2770,146101490,95801530
2022,서울,한방신경정신과,615,1519,2059,187067220,127469440
2022,서울,침구과,9969,25803,39218,2990564540,2105144280
2022,서울,한방재활의학과,6934,18896,25823,2011419820,1325148590
2022,서울,사상체질과,532,1471,4555,326362720,244420770
2022,서울,한방응급,5,7,7,213070,128170
2022,서울,한방소계,1,1,0,2300,1400
2022,부산,일반의,747,1482,10075,913289360,720580780
2022,부산,내과,457042,900865,1229049,239329190600,192694656870
2022,부산,신경과,84682,118279,164954,24072846040,17611442650
2022,부산,정신건강의학과,32178,55651,95566,9433237700,6857102610
2022,부산,외과,73804,139480,271605,58639522000,48573893270
2022,부산,정형외과,155573,339696,548690,79124363670,58840553800
2022,부산,신경외과,53828,87081,172742,41718445320,33802707370
2022,부산,심장혈관흉부외과,8443,12478,25518,12999319720,11461448230
2022,부산,성형외과,2940,6702,12867,2430224010,1929215750
2022,부산,마취통증의학과,5284,8384,17127,1326610700,926431150
2022,부산,산부인과,84566,157375,202829,25234609640,18869567910
2022,부산,소아청소년과,111765,295368,358073,23977305260,19956641560
2022,부산,안과,64300,99782,101001,14997701190,9213024000
2022,부산,이비인후과,39980,70875,82087,9247478380,6227618630
2022,부산,피부과,16333,26087,27363,2569383410,1813557750
2022,부산,비뇨의학과,40546,64184,79463,10814543400,7875270030
2022,부산,영상의학과,2008,2506,2515,311371720,209519850
2022,부산,방사선종양학과,3204,21653,26282,9637029650,9104213760
2022,부산,병리과,23,25,505,58087870,46901140
2022,부산,진단검사의학과,2297,2588,3635,180263330,136598010
2022,부산,결핵과,1,1,25,1969750,1444630
2022,부산,재활의학과,15354,52059,144023,20671862150,16206970190
2022,부산,핵의학과,1194,1979,2153,405402310,355861950
2022,부산,가정의학과,37380,53229,216166,17675160860,13199263830
2022,부산,응급의학과,38728,44783,47280,8687362440,5590888030
2022,부산,직업환경의학과,750,1242,1243,64057040,32795010
2022,부산,예방의학과,1,1,1,0,0
2022,부산,구강악안면외과,14420,21472,21535,1422811800,859068070
2022,부산,치과보철과,2287,3305,3008,1076098370,750421780
2022,부산,치과교정과,544,569,569,41336780,21964980
2022,부산,소아치과,241,254,254,10416470,7297670
2022,부산,치주과,12665,16390,16340,823580480,492569060
2022,부산,치과보존과,15908,25106,25030,1375721820,806534100
2022,부산,구강내과,844,1066,1066,75373890,38088090
2022,부산,영상치의학과,11,11,11,1226850,736750
2022,부산,예방치과,1,1,1,21710,13110
2022,부산,치과소계,8427,11388,11426,607340980,372572880
2022,부산,한방내과,12123,17696,14839,2230737820,1739615400
2022,부산,한방부인과,207,239,339,50550360,38923500
2022,부산,한방소아과,67,93,156,10750900,8000470
2022,부산,한방안·이비인후·피부과,230,638,1190,102172080,74061320
2022,부산,한방신경정신과,66,146,112,26471760,21161220
2022,부산,침구과,3219,9322,13029,850714940,596560250
2022,부산,한방재활의학과,2406,6565,12539,1169524590,801518270
2022,부산,사상체질과,151,386,542,38836630,26394330
2022,인천,일반의,27,27,149,69314910,59094930
2022,인천,내과,283793,642143,798401,180433993880,144724466430
2022,인천,신경과,48666,77911,107343,15518126150,10440698200
2022,인천,정신건강의학과,27509,51143,98211,9959020500,7122054350
2022,인천,외과,38919,78674,134389,36534865630,30607789600
2022,인천,정형외과,89490,197521,285564,45325334790,33600518970
2022,인천,신경외과,45988,80618,141886,34295706730,27421793760
2022,인천,심장혈관흉부외과,5264,8276,16776,8660881070,7699112910
2022,인천,성형외과,2590,6469,8521,1441714900,1069126670
2022,인천,마취통증의학과,6654,10460,12845,1117547430,727670370
2022,인천,산부인과,49638,93213,109752,13632677060,10070450220
2022,인천,소아청소년과,46869,112310,124825,10302205350,7922772880
2022,인천,안과,41185,61895,62697,9011276740,5639581770
2022,인천,이비인후과,35066,71150,73022,6260202320,3723761500
2022,인천,피부과,10832,20889,21293,3034434710,2294064340
2022,인천,비뇨의학과,30306,53580,59556,8867197800,6273891030
2022,인천,영상의학과,309,320,319,72721070,49068870
2022,인천,방사선종양학과,2863,23318,23314,9734268510,9246374410
2022,인천,병리과,159,168,198,37257750,29058780
2022,인천,진단검사의학과,2926,4410,4439,194929700,117373610
2022,인천,재활의학과,12004,35871,110330,17897311290,14139082950
2022,인천,핵의학과,104,281,583,84608870,73793860
2022,인천,가정의학과,23686,36384,75361,7043243760,5363131450
2022,인천,응급의학과,49614,62356,70088,15802826390,10620587890
2022,인천,직업환경의학과,272,384,1380,261471300,207295820
2022,인천,구강악안면외과,4680,7562,7529,519105010,293043500
2022,인천,치과보철과,643,910,815,234439110,160225780
2022,인천,치과교정과,144,150,150,9579190,4780890
2022,인천,소아치과,347,379,379,16800860,11114660
2022,인천,치주과,3132,3776,3756,201330660,116103860
2022,인천,치과보존과,6999,11795,11652,830665630,475588840
2022,인천,구강내과,15,15,15,1263300,758600
2022,인천,영상치의학과,4,4,4,281440,169140
2022,인천,치과소계,1538,1661,1651,82304530,50282700
2022,인천,한방내과,3487,5645,9096,1316925060,1009496320
2022,인천,한방부인과,337,601,1833,209110710,156981630
2022,인천,한방소아과,60,101,180,15804400,10941390
2022,인천,한방안·이비인후·피부과,42,77,251,22679770,16480480
2022,인천,한방신경정신과,4,4,2,443820,309510
2022,인천,침구과,4658,8137,27820,3185948920,2378560520
2022,인천,한방재활의학과,1260,3904,5895,496982120,346766760
2022,인천,사상체질과,3,3,3,282430,169530
2022,대구,일반의,98,98,558,227306910,206904780
2022,대구,내과,331041,731344,995813,235385494760,191980084300
2022,대구,신경과,73339,112911,164892,23195317440,16111882970
2022,대구,정신건강의학과,33221,72233,118697,10873382960,7807070890
2022,대구,외과,59098,106424,191778,54375277630,45810374970
2022,대구,정형외과,90417,187662,287029,48599776300,35983793270
2022,대구,신경외과,48571,77585,148928,39615417900,32267183410
2022,대구,심장혈관흉부외과,5561,8584,23942,19037492890,17266831420
2022,대구,성형외과,8467,18060,22791,3399167950,2529151890
2022,대구,마취통증의학과,8307,13652,21315,1697684720,1122417420
2022,대구,산부인과,62280,121212,145879,22044208390,16955098520
2022,대구,소아청소년과,74321,177925,213789,28480148840,24573893150
2022,대구,안과,77287,114794,117355,18923640040,11732634940
2022,대구,이비인후과,26864,48733,53662,6761521570,4400335660
2022,대구,피부과,13345,23990,24158,3072177790,2288905470
2022,대구,비뇨의학과,28640,47232,56678,10387104340,7927097860
2022,대구,영상의학과,1871,2279,2290,399538970,254013570
2022,대구,방사선종양학과,4340,34308,34305,15900323830,15094065030
2022,대구,병리과,16,16,473,40056930,30398990
2022,대구,진단검사의학과,5057,5777,6392,258796850,199363190
2022,대구,결핵과,41,73,631,46929280,37821010
2022,대구,재활의학과,13905,40728,120918,19916051730,15664861650
2022,대구,핵의학과,5647,10684,10884,980652400,663637270
2022,대구,가정의학과,25229,38339,127965,11290984510,8602020520
2022,대구,응급의학과,38570,46716,52875,12662200160,8555692800
2022,대구,직업환경의학과,93,108,1967,146121400,112090820
2022,대구,예방의학과,2,2,62,6232960,4661060
2022,대구,구강악안면외과,5702,9051,8931,636539000,404276230
2022,대구,치과보철과,1777,2210,2061,647760320,451813410
2022,대구,치과교정과,105,109,109,21839700,13253800
2022,대구,소아치과,2888,3766,3766,195436560,127937660
2022,대구,치주과,7591,9799,9566,585777340,360874930
2022,대구,치과보존과,12925,20917,21273,1588696470,974968290
2022,대구,구강내과,1515,2370,2370,153640260,93049560
2022,대구,영상치의학과,251,537,537,26184970,16193670
2022,대구,예방치과,2694,2866,2865,145653170,87849270
2022,대구,치과소계,2128,2474,2431,130839820,82224350
2022,대구,한방내과,4433,7810,5745,835470720,646315430
2022,대구,한방부인과,165,266,435,54341970,38038100
2022,대구,한방소아과,78,227,230,9019030,5739110
2022,대구,한방안·이비인후·피부과,158,456,508,27099740,17300240
2022,대구,한방신경정신과,1,1,0,39780,31830
2022,대구,침구과,2171,4912,8560,843988110,597332830
2022,대구,한방재활의학과,698,1952,2952,265379600,178158680
2022,대구,한방응급,6,10,10,324020,195020
2022,대구,한방소계,397,907,907,12712010,7664310
2022,광주,일반의,11,11,67,24961740,21753220
2022,광주,내과,215909,367228,544754,110945123000,87287182330
2022,광주,신경과,38134,49880,69482,12664233200,9032074190
2022,광주,정신건강의학과,17507,33870,62513,7206484180,5298738980
2022,광주,외과,25909,44554,119737,22191560400,17722185610
2022,광주,정형외과,81535,150936,276821,43608526000,32409030610
2022,광주,신경외과,28719,42759,90252,22238453620,17693660120
2022,광주,심장혈관흉부외과,3189,4432,13209,7670019170,6821864250
2022,광주,성형외과,604,1166,3265,1026051730,786506750
2022,광주,마취통증의학과,4094,6409,13262,1172242770,846497280
2022,광주,산부인과,49613,94922,124215,15456154530,11596085460
2022,광주,소아청소년과,82783,217230,263489,19865713800,16734366970
2022,광주,안과,26345,38011,39706,6017791820,3878084270
2022,광주,이비인후과,16113,25576,29846,3367251270,2140116580
2022,광주,피부과,8885,16669,17020,2624848700,1985705770
2022,광주,비뇨의학과,17830,26273,30566,4604249940,3177593350
2022,광주,영상의학과,227,228,233,36350860,22767600
2022,광주,방사선종양학과,176,2077,2077,697128390,662345790
2022,광주,병리과,112,186,148,14936350,11162530
2022,광주,결핵과,225,262,381,87225080,79886010
2022,광주,재활의학과,6810,19419,68568,10549723030,8299368720
2022,광주,핵의학과,394,572,606,126248750,104137390
2022,광주,가정의학과,20157,29734,104009,9171475160,7057329920
2022,광주,응급의학과,29242,32885,35137,7062830330,4994282110
2022,광주,직업환경의학과,211,228,2276,244613270,195243600
2022,광주,예방의학과,20,20,20,542990,272090
2022,광주,구강악안면외과,8913,14860,15115,1345197180,843610700
2022,광주,치과보철과,2817,4329,4020,974964690,672809300
2022,광주,치과교정과,312,336,336,35584080,21367280
2022,광주,소아치과,4116,6608,6608,436610680,282560340
2022,광주,치주과,10455,14420,14378,818034350,495744800
2022,광주,치과보존과,8916,13860,13783,846519140,517852300
2022,광주,구강내과,2544,5293,5292,329999170,200597270
2022,광주,영상치의학과,10,10,10,468430,281630
2022,광주,구강병리과,4,4,4,3401410,2381210
2022,광주,예방치과,78,84,83,19447970,13292970
2022,광주,치과소계,828,893,1350,277576800,214094010
2022,광주,한방내과,4827,7354,19867,2252194740,1628412540
2022,광주,한방부인과,165,411,763,80428240,55521470
2022,광주,한방안·이비인후·피부과,260,924,1591,150330050,103247950
2022,광주,한방신경정신과,189,689,1318,121357050,88242490
2022,광주,침구과,14655,24761,113955,11453313470,8126419520
2022,광주,한방재활의학과,3173,6188,22087,2345963840,1632407900
2022,광주,사상체질과,3,3,13,2173090,1646280
2022,대전,일반의,115,115,115,2447200,1469500
2022,대전,내과,165065,356205,451869,96726185060,78110353430
2022,대전,신경과,39182,55870,81400,12938844780,9229442030
2022,대전,정신건강의학과,15286,28126,42549,3715997220,2591412410
2022,대전,외과,20116,40468,69952,19578979950,16595606800
2022,대전,정형외과,55713,100012,165467,33147884680,25068180070
2022,대전,신경외과,19726,31965,61856,16624977620,13761342340
2022,대전,심장혈관흉부외과,4535,7581,14154,7499559270,6699370920
2022,대전,성형외과,4423,12606,15503,1702426780,1219404360
2022,대전,마취통증의학과,3414,5987,9171,937933120,648743810
2022,대전,산부인과,27846,50705,63621,9103980980,6923841610
2022,대전,소아청소년과,71870,229892,253185,16457107910,13899686720
2022,대전,안과,28182,43824,44839,7295875170,4588306930
2022,대전,이비인후과,15352,29923,31709,4201587350,2762162090
2022,대전,피부과,11288,20757,20817,2427555020,1803734910
2022,대전,비뇨의학과,21709,34508,34872,4680986700,3223755100
2022,대전,영상의학과,1474,2255,2975,283361300,206523460
2022,대전,방사선종양학과,2026,12328,12254,4387872590,4164187830
2022,대전,진단검사의학과,79,82,1136,93003250,69633680
2022,대전,재활의학과,12330,37491,77873,11259843160,8815324760
2022,대전,핵의학과,454,1199,1224,131398350,108223230
2022,대전,가정의학과,18910,28483,56933,4291674960,3118837610
2022,대전,응급의학과,20514,23948,26955,6301733740,4130217110
2022,대전,직업환경의학과,16,17,17,297940,149440
2022,대전,예방의학과,147,237,1062,135598250,114212710
2022,대전,구강악안면외과,2233,3345,3377,289225290,185735190
2022,대전,치과보철과,1002,1289,1171,232754380,158929450
2022,대전,치과교정과,44,44,44,2004630,1237530
2022,대전,소아치과,491,575,576,42055610,27454330
2022,대전,치주과,3958,5215,5211,345910340,205821940
2022,대전,치과보존과,21170,34458,34377,2487603880,1528483150
2022,대전,구강내과,542,649,649,34398130,20721030
2022,대전,치과소계,319,350,336,26082800,17801730
2022,대전,통합치의학과,5,5,5,238210,143110
2022,대전,한방내과,2680,4343,4447,577193340,448230430
2022,대전,한방부인과,54,101,122,6762050,4343280
2022,대전,한방소아과,90,241,246,9686290,6231380
2022,대전,한방안·이비인후·피부과,293,802,808,49189750,33123330
2022,대전,한방신경정신과,70,193,231,14456050,9552260
2022,대전,침구과,2490,5077,7020,624960500,444834570
2022,대전,한방재활의학과,1131,2915,5010,394269560,256259990
2022,대전,사상체질과,27,34,79,8108820,5866610
2022,울산,일반의,68,71,0,7254450,5865560
2022,울산,내과,139325,293780,423981,90059776370,73236698560
2022,울산,신경과,21225,32397,43724,6349545370,4370914090
2022,울산,정신건강의학과,12473,20762,38447,3721604400,2748663680
2022,울산,외과,19798,35695,83357,18105981410,14867873210
2022,울산,정형외과,42707,111057,175182,26527203730,19947217720
2022,울산,신경외과,19741,38486,71013,14900408330,11951944600
2022,울산,심장혈관흉부외과,1329,1954,5547,4991891390,4519774340
2022,울산,성형외과,2698,6123,9331,961400660,715588200
2022,울산,마취통증의학과,1637,2946,5637,529059590,369397670
2022,울산,산부인과,20654,34777,58062,7344552200,5713789480
2022,울산,소아청소년과,36248,76190,96514,7821080490,6611174670
2022,울산,안과,13023,22330,22454,2482020860,1444018810
2022,울산,이비인후과,15700,24733,27256,2487799600,1681415580
2022,울산,피부과,2607,4095,4136,354355590,235993440
2022,울산,비뇨의학과,10422,16280,21286,2833915280,2042031630
2022,울산,영상의학과,607,635,2062,681028710,525367640
2022,울산,방사선종양학과,854,7042,7042,3252329060,3089764760
2022,울산,진단검사의학과,42,81,1485,116855610,87792190
2022,울산,재활의학과,3667,12760,42843,7854136110,6404973950
2022,울산,핵의학과,80,180,180,32400170,30091070
2022,울산,가정의학과,12816,17819,48757,3540462640,2534556260
2022,울산,응급의학과,22698,26126,27387,4478776460,2868237430
2022,울산,직업환경의학과,1064,1125,1125,31932120,22250920
2022,울산,예방의학과,1042,1220,1218,35657180,24241850
2022,울산,구강악안면외과,1071,1429,1411,81261510,49944810
2022,울산,치과보철과,240,332,286,154668180,108242340
2022,울산,치과교정과,5,5,5,497760,298860
2022,울산,소아치과,108,113,113,9884100,6489800
2022,울산,치주과,1583,1764,1846,103940970,63819720
2022,울산,치과보존과,4239,5921,6209,610272720,404063610
2022,울산,구강내과,75,157,157,5867840,3525540
2022,울산,예방치과,4,4,4,318360,271060
2022,울산,치과소계,2787,3922,3899,217343700,132305500
2022,울산,한방내과,2631,3622,3388,655192400,495671230
2022,울산,침구과,405,604,660,95809110,67013510
2022,울산,한방재활의학과,557,1574,2493,215909050,144105230
2022,경기,일반의,1471,2185,3236,584239770,495612470
2022,경기,내과,1276542,2821040,3593384,707119054600,563896496910
2022,경기,신경과,244701,398275,537865,83711889200,57675514650
2022,경기,정신건강의학과,112883,210606,377799,38533632920,27693028230
2022,경기,외과,180376,376132,599509,155861592820,131491537220
2022,경기,정형외과,419917,889199,1220807,183434012750,136573516820
2022,경기,신경외과,195925,345410,536208,130962844400,105664629660
2022,경기,심장혈관흉부외과,24898,41911,80228,42490499200,37727236870
2022,경기,성형외과,21579,52803,73277,12037484000,9232220610
2022,경기,마취통증의학과,22107,43010,52881,4894476230,3191334110
2022,경기,산부인과,230022,468742,545509,82923982260,63038953340
2022,경기,소아청소년과,293230,754047,839020,69099468160,55240995840
2022,경기,안과,124788,194151,196553,28656336390,17307787480
2022,경기,이비인후과,101606,185738,195896,23972285380,15836338570
2022,경기,피부과,62751,119217,119717,14681876010,10916051850
2022,경기,비뇨의학과,108258,189998,203346,30696662270,22331883150
2022,경기,영상의학과,9434,11956,11984,2406461350,1691507630
2022,경기,방사선종양학과,12352,85132,85511,39840398020,37810953450
2022,경기,병리과,841,1385,1444,53139110,33365280
2022,경기,진단검사의학과,6994,9208,11685,1891751210,1529595260
2022,경기,결핵과,40,63,805,82042000,66401140
2022,경기,재활의학과,55810,176060,505694,70117516280,55107603860
2022,경기,핵의학과,1057,2424,3310,851369180,785605120
2022,경기,가정의학과,129684,196312,391585,32703062210,24097320410
2022,경기,응급의학과,216479,258912,260911,53060610440,35175973850
2022,경기,직업환경의학과,2776,3086,4219,227757090,153735220
2022,경기,예방의학과,70,97,1370,116504820,87991250
2022,경기,구강악안면외과,21609,35604,36531,3360389890,2199571330
2022,경기,치과보철과,5140,6642,6367,990367970,671777700
2022,경기,치과교정과,651,725,723,42563070,18144610
2022,경기,소아치과,3097,3592,3591,286445190,180577070
2022,경기,치주과,15444,18627,18513,1036037650,611682250
2022,경기,치과보존과,25476,39301,38887,2740039430,1632754410
2022,경기,구강내과,1097,1693,1690,76279630,45973940
2022,경기,영상치의학과,199,268,267,11758460,7088360
2022,경기,구강병리과,1,1,1,59560,29860
2022,경기,예방치과,165,166,165,9230130,5705530
2022,경기,치과소계,9703,11012,10812,571689470,350389980
2022,경기,통합치의학과,1697,2618,2594,163696890,97429750
2022,경기,한방내과,15941,27340,32266,4379677360,3333643070
2022,경기,한방부인과,315,825,1338,94596590,70561720
2022,경기,한방소아과,60,69,69,942880,593280
2022,경기,한방안·이비인후·피부과,221,418,475,26136570,18325680
2022,경기,한방신경정신과,364,847,969,58242480,36383840
2022,경기,침구과,15112,29756,58567,6119745890,4452780320
2022,경기,한방재활의학과,7092,17904,27997,2674387510,1838403130
2022,경기,사상체질과,274,600,623,51650550,38495620
2022,경기,한방응급,2,2,2,82830,49830
2022,강원,일반의,615,968,968,38747910,26442810
2022,강원,내과,205038,409719,538203,106687091910,84191093500
2022,강원,신경과,31242,43536,55183,8831384680,6336837900
2022,강원,정신건강의학과,19986,33023,47323,4429916740,3095536870
2022,강원,외과,21717,37121,58753,14667282120,12090851260
2022,강원,정형외과,53010,101339,153145,22410576680,16552732400
2022,강원,신경외과,23539,36363,71147,17353573100,14328820330
2022,강원,심장혈관흉부외과,2776,3967,7415,5105186870,4478041170
2022,강원,성형외과,1823,4054,5239,816091970,615087540
2022,강원,마취통증의학과,3898,6080,9645,941153440,652691230
2022,강원,산부인과,13355,22900,31939,4617841290,3419915130
2022,강원,소아청소년과,16829,33266,40015,6055969790,5108948350
2022,강원,안과,12839,18881,19097,2647953560,1564941650
2022,강원,이비인후과,12649,21380,22840,2676351970,1639053830
2022,강원,피부과,6627,12128,12218,1325061120,947486610
2022,강원,비뇨의학과,12402,18946,21810,3280046320,2375523500
2022,강원,영상의학과,263,393,388,121311360,84806660
2022,강원,방사선종양학과,1805,10116,10101,4470943430,4232068530
2022,강원,병리과,13,13,48,2501560,2078360
2022,강원,진단검사의학과,6,6,6,224370,158370
2022,강원,재활의학과,5629,16653,36168,5165767230,4001940030
2022,강원,핵의학과,20,42,41,6088180,5358580
2022,강원,가정의학과,15006,22614,41885,2981870700,1899242400
2022,강원,응급의학과,31095,38290,40349,6573867440,4244686530
2022,강원,직업환경의학과,135,239,1463,103014910,80865560
2022,강원,예방의학과,112,140,1503,139487070,106393760
2022,강원,구강악안면외과,4036,6565,6687,628973430,387667560
2022,강원,치과보철과,1046,1379,1397,203878420,133984430
2022,강원,치과교정과,108,112,112,8761880,3277380
2022,강원,소아치과,1387,1695,1711,105244170,68350340
2022,강원,치주과,1660,2243,2233,142752620,90009620
2022,강원,치과보존과,1896,2938,2918,180647750,104551500
2022,강원,구강내과,1187,1434,1427,86562550,53141020
2022,강원,예방치과,314,316,316,23923240,15455340
2022,강원,치과소계,27,31,19,7372190,5166450
2022,강원,한방내과,541,831,1244,111931670,82132980
2022,강원,한방안·이비인후·피부과,95,447,454,14937860,9170150
2022,강원,한방신경정신과,32,65,65,2234930,1369130
2022,강원,침구과,1373,2876,3985,291656580,208290810
2022,강원,한방재활의학과,202,412,403,44648760,33555730
2022,강원,사상체질과,45,71,153,9095360,6576530
2022,충북,일반의,251,467,633,24305050,20500100
2022,충북,내과,121751,242233,336170,64377274660,51504794530
2022,충북,신경과,19651,27446,40477,6703482610,4716350740
2022,충북,정신건강의학과,14459,24314,51168,4509537520,3268385280
2022,충북,외과,19089,31942,64531,12507902130,10157298030
2022,충북,정형외과,41078,84069,151599,23571625650,17859424470
2022,충북,신경외과,25523,40590,71283,14669986730,11679446140
2022,충북,심장혈관흉부외과,2487,4019,9348,2605384460,2199238640
2022,충북,성형외과,2588,8384,12281,1394028740,1018063450
2022,충북,마취통증의학과,1846,2970,4176,299994630,216421850
2022,충북,산부인과,15813,29227,38930,4789842180,3502830170
2022,충북,소아청소년과,30510,61638,70560,6836149290,5662138230
2022,충북,안과,6521,9615,9779,1397473160,802790840
2022,충북,이비인후과,6669,11764,13230,1344973730,797485020
2022,충북,피부과,2879,5032,5079,584677040,439543080
2022,충북,비뇨의학과,10334,15510,20382,3107039820,2315132180
2022,충북,영상의학과,235,249,248,61400120,51520130
2022,충북,방사선종양학과,578,7462,7462,3899369070,3705419470
2022,충북,병리과,18,28,92,8527900,6005070
2022,충북,진단검사의학과,424,480,480,21782230,12466230
2022,충북,재활의학과,5991,14361,44331,7069339770,5573699760
2022,충북,핵의학과,2,2,32,2779390,2300130
2022,충북,가정의학과,13404,20266,43453,3712328540,2695474780
2022,충북,응급의학과,25201,29964,31891,6988176080,4731124450
2022,충북,직업환경의학과,66,114,1963,165289940,125814800
2022,충북,예방의학과,6,6,160,14094830,10336610
2022,충북,기타2,23,24,570,48898980,38615060
2022,충북,기타3,30,38,720,65262120,50504720
2022,충북,구강악안면외과,4063,7386,7432,618621110,373377340
2022,충북,치과보철과,1252,1672,1643,158945640,105858780
2022,충북,치과교정과,93,95,95,4437480,2666880
2022,충북,소아치과,42,43,43,2298430,1729430
2022,충북,치주과,1140,1322,1312,61812820,37176420
2022,충북,치과보존과,2204,3545,3542,222429910,134087220
2022,충북,구강내과,17,20,20,749200,451000
2022,충북,영상치의학과,2,2,2,59840,36040
2022,충북,치과소계,2233,2404,2380,107676500,65611080
2022,충북,통합치의학과,98,193,193,14445740,8177440
2022,충북,한방내과,1739,2940,2936,270843850,198622350
2022,충북,한방부인과,107,172,179,6297680,4106850
2022,충북,한방소아과,56,92,92,1971630,1201730
2022,충북,한방안·이비인후·피부과,205,536,561,16785580,10607850
2022,충북,한방신경정신과,65,145,145,4939770,2970370
2022,충북,침구과,1750,3950,5210,352902880,249756390
2022,충북,한방재활의학과,1206,2918,4318,356355230,232386370
2022,충북,사상체질과,185,415,535,30635950,21012920
2022,충북,한방응급,21,26,26,543560,327860
2022,충남,내과,164646,318255,463556,94767896570,75905804470
2022,충남,신경과,27603,40700,69599,9148981950,6585346720
2022,충남,정신건강의학과,17210,30326,66032,6531575640,4700329740
2022,충남,외과,22275,41085,99020,21699439220,18247270600
2022,충남,정형외과,62129,125527,198208,27455411390,20514269590
2022,충남,신경외과,26810,45064,81564,17071345340,13744740390
2022,충남,심장혈관흉부외과,2501,4011,9562,3821558850,3224005440
2022,충남,성형외과,2818,6339,13624,2516737990,1897415120
2022,충남,마취통증의학과,3603,5742,6810,383945900,240320090
2022,충남,산부인과,27384,45605,66683,7764175580,5730869870
2022,충남,소아청소년과,42954,98884,111513,10060206840,8410257790
2022,충남,안과,14107,21226,21805,4021624500,2364754310
2022,충남,이비인후과,12424,23972,27802,4050726580,2593410010
2022,충남,피부과,6211,12465,12462,1949064980,1457842310
2022,충남,비뇨의학과,15654,24840,33041,4323691280,3091363160
2022,충남,영상의학과,474,554,2023,427805580,356471460
2022,충남,방사선종양학과,713,6294,6293,2993951630,2840931720
2022,충남,병리과,26,42,150,11850440,9260250
2022,충남,진단검사의학과,4155,4859,4979,140649560,111988880
2022,충남,재활의학과,6553,21955,57270,7802526890,6089269840
2022,충남,핵의학과,70,161,216,75860610,70979930
2022,충남,가정의학과,19955,29773,85760,7080634360,5164527520
2022,충남,응급의학과,38135,47489,50487,10084919800,6786720130
2022,충남,직업환경의학과,351,642,757,51850370,31093690
2022,충남,구강악안면외과,5334,8602,9012,948702220,655447020
2022,충남,치과보철과,2249,2715,2581,426603690,290552120
2022,충남,치과교정과,176,176,176,12410310,7478310
2022,충남,소아치과,2609,3028,3028,184466300,120579700
2022,충남,치주과,4923,5934,5900,382763630,237114240
2022,충남,치과보존과,5938,8701,8612,553975500,331804790
2022,충남,구강내과,1273,1951,1945,117220680,70619380
2022,충남,영상치의학과,3,3,3,154050,92550
2022,충남,예방치과,1244,1292,1286,100815090,61412040
2022,충남,치과소계,2211,2381,2342,121102350,75849410
2022,충남,통합치의학과,555,957,941,124832380,79474380
2022,충남,한방내과,3841,5252,3374,691368580,538653910
2022,충남,한방부인과,48,71,81,4996020,3273910
2022,충남,한방소아과,55,119,119,3539280,2207580
2022,충남,한방안·이비인후·피부과,59,211,241,13020330,8318680
2022,충남,한방신경정신과,79,152,31,19240580,15354480
2022,충남,침구과,2609,5260,6301,458027860,315638100
2022,충남,한방재활의학과,745,2101,2506,156655150,101765330
2022,충남,사상체질과,41,102,125,6079430,4230590
2022,충남,한방소계,18,22,469,38089620,28335810
2022,전북,내과,197925,411540,574289,104989291120,83302837560
2022,전북,신경과,38485,59065,74203,10905383480,7570564340
2022,전북,정신건강의학과,13410,24759,52945,6041659990,4428565490
2022,전북,외과,28153,53782,122071,23139127070,18977197720
2022,전북,정형외과,64185,120085,230799,35276344270,26544384110
2022,전북,신경외과,35141,55298,110763,20416574640,16394169450
2022,전북,심장혈관흉부외과,2543,3499,11547,4281361400,3735657900
2022,전북,성형외과,1600,3710,11744,2141718860,1711797440
2022,전북,마취통증의학과,6724,9932,16273,1222687010,871146140
2022,전북,산부인과,13590,22526,41324,5476000850,4053529660
2022,전북,소아청소년과,25610,48012,66621,7671345820,6209148890
2022,전북,안과,16297,25087,25979,3053595580,1835571850
2022,전북,이비인후과,13652,25914,29241,2767361030,1829281090
2022,전북,피부과,7271,12236,12831,1557934340,1161488540
2022,전북,비뇨의학과,18316,26578,31879,3926822280,2790355900
2022,전북,영상의학과,448,689,1952,184340780,149488640
2022,전북,방사선종양학과,785,10230,10228,4854335740,4612740940
2022,전북,병리과,40,40,254,20532850,15903700
2022,전북,진단검사의학과,87,96,96,2478800,1690700
2022,전북,결핵과,31,63,439,34679750,28479060
2022,전북,재활의학과,10078,25641,71516,10020665220,7903958890
2022,전북,핵의학과,153,334,1575,177893880,144876160
2022,전북,가정의학과,25429,37120,169963,14946939340,11561078640
2022,전북,응급의학과,30420,36934,39803,10944181230,7476322750
2022,전북,직업환경의학과,20,20,236,19304350,14168400
2022,전북,예방의학과,2,2,62,4647830,3694730
2022,전북,구강악안면외과,1970,3864,4363,570168490,401791270
2022,전북,치과보철과,821,1293,1141,207816400,143743540
2022,전북,치과교정과,35,36,36,14253890,9182190
2022,전북,소아치과,2034,2476,2474,165411700,109074200
2022,전북,치주과,2916,3901,3737,272793630,167531450
2022,전북,치과보존과,2696,4466,4402,286765450,176745470
2022,전북,구강내과,1037,1927,1923,117897160,71947310
2022,전북,예방치과,2,2,2,109700,65900
2022,전북,치과소계,298,480,437,43466920,27569790
2022,전북,한방내과,2765,4303,5134,784368840,592048070
2022,전북,한방부인과,278,848,1511,123472980,84624490
2022,전북,한방소아과,123,270,469,33671010,23925880
2022,전북,한방안·이비인후·피부과,63,176,176,4652660,2806460
2022,전북,한방신경정신과,223,452,2041,215487670,152792700
2022,전북,침구과,7332,11692,35204,3624628120,2583049240
2022,전북,한방재활의학과,1996,3220,7699,827233720,590952370
2022,전북,사상체질과,351,656,2290,270653620,199189870
2022,전북,한방응급,13,15,15,612940,386640
2022,전남,일반의,116,360,360,51653480,46118780
2022,전남,내과,217467,401665,600504,107272707030,89987693900
2022,전남,신경과,22251,28691,48808,6261917410,4506180220
2022,전남,정신건강의학과,18712,30428,69834,6505674770,4974868850
2022,전남,외과,37928,66113,140879,25067554950,20824887340
2022,전남,정형외과,75985,139404,258758,35342962410,26346911320
2022,전남,신경외과,35744,60024,103314,16277327710,12728127080
2022,전남,심장혈관흉부외과,5118,8478,18620,3755189040,3104644770
2022,전남,성형외과,1206,2165,3750,290606440,206295580
2022,전남,마취통증의학과,5060,7375,15848,1141109050,819513580
2022,전남,산부인과,27181,41814,74805,8445350750,6433330920
2022,전남,소아청소년과,52500,108847,146895,11658115380,9847851940
2022,전남,안과,1655,2229,2229,142507580,79730090
2022,전남,이비인후과,24344,36319,50016,3914730690,2988957610
2022,전남,피부과,5909,7613,7745,471336540,381340560
2022,전남,비뇨의학과,12977,21151,26444,5122389580,4090062830
2022,전남,영상의학과,382,442,1586,147989980,104498450
2022,전남,방사선종양학과,1471,20067,21280,10193691990,9672943950
2022,전남,병리과,7,8,8,985090,670190
2022,전남,진단검사의학과,760,811,1777,34921910,26690330
2022,전남,결핵과,16,57,57,2185180,1458280
2022,전남,재활의학과,4442,14829,43677,4435968330,3390168330
2022,전남,핵의학과,348,892,2351,382590520,348011130
2022,전남,가정의학과,20966,33975,129658,10311065790,7914563740
2022,전남,응급의학과,32988,38179,41103,5619124400,3732965380
2022,전남,직업환경의학과,357,439,439,16249420,10471620
2022,전남,예방의학과,67,98,1691,141724670,107456300
2022,전남,구강악안면외과,3804,5281,5251,347662540,224668990
2022,전남,치과보철과,2179,3482,3372,569391020,382085250
2022,전남,치과교정과,349,375,375,17397510,10491510
2022,전남,소아치과,2385,3261,3274,261098310,166046480
2022,전남,치주과,3073,3544,3521,185990650,114532090
2022,전남,치과보존과,5826,8365,8299,471295850,291095400
2022,전남,구강내과,97,100,100,9492980,5704380
2022,전남,영상치의학과,1,1,1,70570,45970
2022,전남,구강병리과,1,1,1,24120,15720
2022,전남,예방치과,102,139,145,10584520,7572840
2022,전남,치과소계,1525,1881,1840,91146450,58715730
2022,전남,한방내과,4569,6806,8751,1273348550,947958480
2022,전남,한방부인과,481,1184,1878,167103370,115892550
2022,전남,한방소아과,104,201,167,13632460,10002530
2022,전남,한방안·이비인후·피부과,416,1588,2105,153084670,106793990
2022,전남,침구과,5969,10016,27912,2713112770,2002685910
2022,전남,한방재활의학과,1107,2644,6658,657146050,470049260
2022,전남,사상체질과,236,449,1859,179798650,125598420
2022,경북,일반의,251,278,412,74582020,59899430
2022,경북,내과,205883,368379,501402,63360841530,48704886510
2022,경북,신경과,47795,68563,88047,9107611790,6209890500
2022,경북,정신건강의학과,24156,37007,90433,7032761940,5314038650
2022,경북,외과,26248,44178,114078,13684721910,10437532960
2022,경북,정형외과,82411,175991,256149,29497089890,21520556460
2022,경북,신경외과,48792,88562,142792,23990213460,17985775560
2022,경북,심장혈관흉부외과,5678,8191,20548,3156674330,2490774970
2022,경북,성형외과,3932,7487,8793,945387100,645342600
2022,경북,마취통증의학과,4846,7999,13078,1026518180,667715930
2022,경북,산부인과,26661,40713,65491,6697612850,4930690880
2022,경북,소아청소년과,33515,66090,82338,4977129910,3797393580
2022,경북,안과,11234,16007,17904,1871647390,1210017610
2022,경북,이비인후과,16448,24810,30298,1931471930,1222009370
2022,경북,피부과,3596,5794,5885,615416040,477475870
2022,경북,비뇨의학과,22061,30891,38653,3470047280,2342846340
2022,경북,영상의학과,669,751,750,94449260,60650690
2022,경북,방사선종양학과,329,3012,3462,1570701780,1486298820
2022,경북,병리과,4,4,4,110890,69290
2022,경북,진단검사의학과,151,171,171,11754760,7100760
2022,경북,재활의학과,7254,19851,70657,9181332540,7105623460
2022,경북,핵의학과,6,8,128,8893880,6713040
2022,경북,가정의학과,25645,43793,131828,9593586060,7201854350
2022,경북,응급의학과,46953,55378,55785,8924916870,5785333050
2022,경북,직업환경의학과,994,1562,1575,89755050,69844840
2022,경북,예방의학과,545,922,3028,242109880,182864270
2022,경북,구강악안면외과,4846,7028,6921,422553170,265069750
2022,경북,치과보철과,1232,1949,1716,763328300,532983970
2022,경북,치과교정과,113,114,114,3356960,2023360
2022,경북,소아치과,1260,1436,1435,93600110,61562810
2022,경북,치주과,8080,10406,10349,560622660,339790240
2022,경북,치과보존과,12334,19171,19013,1180294760,726331780
2022,경북,구강내과,29,33,33,2087190,1257090
2022,경북,예방치과,36,42,42,2502480,2023980
2022,경북,치과소계,3343,3597,3595,215366320,138248780
2022,경북,한방내과,5131,7281,3858,731937780,565402390
2022,경북,한방부인과,62,141,122,9901000,7056180
2022,경북,한방소아과,85,197,353,18175850,13457180
2022,경북,한방안·이비인후·피부과,64,98,107,5259460,3600900
2022,경북,한방신경정신과,111,267,223,16369970,11652130
2022,경북,침구과,1981,3274,3009,332817370,242802930
2022,경북,한방재활의학과,69,108,113,4655850,3005880
2022,경북,사상체질과,93,175,294,26723910,18229880
2022,경남,일반의,60,67,85,15019440,11835940
2022,경남,내과,416475,816820,1248143,233101831550,189274266330
2022,경남,신경과,74735,109165,196275,26577471950,19456319630
2022,경남,정신건강의학과,25401,50612,117681,10905836870,7835937860
2022,경남,외과,48301,85840,202221,48683378560,39867563600
2022,경남,정형외과,125925,269180,463677,62461122160,46684341270
2022,경남,신경외과,64134,113515,213486,39241882130,30941232470
2022,경남,심장혈관흉부외과,8430,12183,39044,16005895450,14037567030
2022,경남,성형외과,2847,5919,10608,1885490710,1469006800
2022,경남,마취통증의학과,4913,6425,18673,1566911920,1101878470
2022,경남,산부인과,43580,70928,116862,14626312450,10894313070
2022,경남,소아청소년과,146365,386724,473082,40103968370,33689986490
2022,경남,안과,21979,36664,38459,5987088770,3452680520
2022,경남,이비인후과,23431,39263,45265,4870222340,3211816690
2022,경남,피부과,10704,18276,18523,1826517200,1260999840
2022,경남,비뇨의학과,26008,40513,48061,8020822350,5763585990
2022,경남,영상의학과,391,499,662,121824770,94921330
2022,경남,방사선종양학과,2331,21109,23921,9962852550,9428486090
2022,경남,병리과,43,43,43,1738310,1005310
2022,경남,진단검사의학과,3628,4788,4845,201354020,123973850
2022,경남,결핵과,105,193,2168,390360970,369578820
2022,경남,재활의학과,17076,55154,183677,24766004240,19458752800
2022,경남,핵의학과,1850,2286,2318,139112390,108778190
2022,경남,가정의학과,24473,35234,211064,17900166590,13533056650
2022,경남,응급의학과,56953,67668,75011,13711534860,9308653220
2022,경남,직업환경의학과,1595,2452,2522,231566940,160035730
2022,경남,예방의학과,109,164,299,29006030,22977830
2022,경남,구강악안면외과,9410,13805,15147,1773074030,1287040410
2022,경남,치과보철과,1456,1997,1851,678821430,474303970
2022,경남,치과교정과,136,165,164,47532690,31491510
2022,경남,소아치과,2995,3735,3797,296255320,220485380
2022,경남,치주과,11290,15260,15194,950456870,598402800
2022,경남,치과보존과,17962,27786,27887,1821522710,1123837310
2022,경남,구강내과,2425,4763,4752,274316940,176699870
2022,경남,영상치의학과,2,2,2,138530,77630
2022,경남,예방치과,60,94,93,12903000,9816400
2022,경남,치과소계,11081,15075,16029,949162400,603505970
2022,경남,통합치의학과,1,1,0,84090,72320
2022,경남,한방내과,6974,9456,5343,1250709850,983269530
2022,경남,한방부인과,302,786,834,35875520,24915210
2022,경남,한방소아과,239,657,656,18698990,13010290
2022,경남,한방안·이비인후·피부과,111,468,507,19658010,13415610
2022,경남,한방신경정신과,52,201,260,18586440,13279660
2022,경남,침구과,2606,5664,8397,760278540,555826930
2022,경남,한방재활의학과,1970,4982,8869,775518190,550231320
2022,경남,사상체질과,151,390,657,56897800,40945850
2022,제주,일반의,9,9,42,25333300,20404260
2022,제주,내과,46718,85709,112069,18144606260,14599085390
2022,제주,신경과,10100,13355,18524,1985193900,1409358730
2022,제주,정신건강의학과,6614,9821,16290,1173466010,861772420
2022,제주,외과,5210,9063,17279,2936747040,2381864950
2022,제주,정형외과,12498,25045,37623,4750641200,3515966930
2022,제주,신경외과,6064,9295,19481,4287269950,3518475250
2022,제주,심장혈관흉부외과,613,934,1464,516443350,450270080
2022,제주,성형외과,317,626,727,73585450,51736770
2022,제주,마취통증의학과,1070,1501,2234,187201340,115839560
2022,제주,산부인과,4263,7067,11156,1524966400,1151246940
2022,제주,소아청소년과,7239,15236,18150,1792988440,1521299690
2022,제주,안과,4161,5849,5881,673039020,391584610
2022,제주,이비인후과,2880,4628,5089,435031060,283085330
2022,제주,피부과,1380,2276,2287,603577100,509932320
2022,제주,비뇨의학과,5332,7957,8953,1033788530,769249370
2022,제주,영상의학과,310,342,342,94439450,72466050
2022,제주,방사선종양학과,237,2107,2107,1116515040,1060276940
2022,제주,진단검사의학과,3,4,4,28240,14240
2022,제주,재활의학과,2961,10823,28278,3358668900,2606064970
2022,제주,핵의학과,77,128,130,49699600,45895390
2022,제주,가정의학과,4023,5502,14876,1228863790,941648070
2022,제주,응급의학과,11016,11963,12307,2541829610,1654650280
2022,제주,직업환경의학과,13,14,14,270790,188090
2022,제주,구강악안면외과,1343,2015,2005,163408150,100637980
2022,제주,치과보철과,22,30,29,17377790,12164490
2022,제주,소아치과,16,17,17,711930,467830
2022,제주,치주과,124,133,133,7583810,4567810
2022,제주,치과보존과,821,1442,1440,94367020,57055940
2022,제주,구강내과,1,1,1,16260,9760
2022,제주,한방내과,112,114,2,25735490,21098950
2022,제주,침구과,167,303,822,91139130,74015660
2022,세종,내과,14933,28045,29781,5536425470,4340723750
2022,세종,신경과,2633,3941,4400,683056590,487854100
2022,세종,정신건강의학과,1233,1709,2370,130677380,90445740
2022,세종,외과,2673,5361,6149,1255790150,1016760240
2022,세종,정형외과,4568,9755,11331,1642731130,1196228270
2022,세종,신경외과,1760,2829,5792,816361690,616993220
2022,세종,심장혈관흉부외과,448,763,1535,416213370,358540710
2022,세종,성형외과,644,1275,1182,84620030,55238080
2022,세종,마취통증의학과,386,499,499,26821980,14315780
2022,세종,산부인과,4239,8669,9084,1459191680,1135527750
2022,세종,소아청소년과,4911,8551,9566,1446368350,1113815790
2022,세종,안과,2144,3203,3027,488187810,301066940
2022,세종,이비인후과,1548,2837,2286,203593800,127368940
2022,세종,피부과,1739,3151,3143,327877980,257811680
2022,세종,비뇨의학과,1977,3989,3303,464493300,299469140
2022,세종,영상의학과,6,6,6,564190,282490
2022,세종,방사선종양학과,214,1543,1541,723636690,687038090
2022,세종,진단검사의학과,514,522,522,31560120,25296120
2022,세종,재활의학과,622,2424,2460,104431170,76072990
2022,세종,핵의학과,25,55,55,6201520,5206720
2022,세종,가정의학과,1982,2797,3115,196983870,132644090
2022,세종,응급의학과,3154,3444,3301,721681980,472968010
2022,세종,구강악안면외과,247,332,329,21621490,13224490
2022,세종,치과보철과,109,135,129,18143070,12681540
2022,세종,치과교정과,12,12,12,400640,240840
2022,세종,소아치과,371,449,449,19275840,11811940
2022,세종,치주과,282,310,308,19663670,11613770
2022,세종,치과보존과,544,822,820,52645440,30913290
2022,세종,한방내과,214,256,135,16274380,12168020
2022,세종,한방안·이비인후·피부과,10,10,10,440400,262300
2022,세종,침구과,527,961,1609,123235150,92574350
2022,세종,한방재활의학과,74,111,268,29591530,22189910
